---settings

	insert into ftms.ftms_setting values ('ftmsEnv', 'merlin', true, 'FTMS Enviroment'); --use "standalone" for non-merlin environments
	insert into ftms.ftms_setting values ('ftmsState', '', true, 'State Project'); --specify the state in the value field that's blank
	insert into ftms.ftms_setting values ('ftmsVersion', '2.0.0.4', true, 'FTMS Version');
	insert into ftms.ftms_setting values ('BatSize', '100', true, 'Batch Size');
	insert into ftms.ftms_setting values ('PaperSize', '99012 Large Address', true, 'Paper Size');
	insert into ftms.ftms_setting values ('AppSignature', 'AccSA', true, 'Application Signature');
	insert into ftms.ftms_setting values ('AlternativeFile', 'True', true, 'Alternative File');
	insert into ftms.ftms_setting values ('FileNoLabelText', 'File Number', true, 'File Number Label Text');
	insert into ftms.ftms_setting values ('AltFileNo', 'Survey No', true, 'Survey Number');
	insert into ftms.ftms_setting values ('BatPerRack', '15', true, 'Batches PerRack');
	insert into ftms.ftms_setting values ('RegisterText', 'Batch No: ', true, 'Register Text');
	insert into ftms.ftms_setting values ('BatchNoOffset', '2011', true, 'Batch Number Offset');
	insert into ftms.ftms_setting values ('RackText', 'Rack No: ', true, 'File Number Label Text');
	insert into ftms.ftms_setting values ('FileNoOffset', '100701', true, 'Print Label');
	insert into ftms.ftms_setting values ('RackNoOffset', '135', true, 'Rack No Offset');
	insert into ftms.ftms_setting values ('BatFirstRack', '0', true, 'Used Batches for First Rack');
	insert into ftms.ftms_setting values ('ReportsPath', '', true, 'Reports Path'); --Specify the report path in the blank value field 
	insert into ftms.ftms_setting values ('RackNoLabel', 'Rack No', true, 'Rack Number Label');
	insert into ftms.ftms_setting values ('BatchNoLabel', 'Batch No', true, 'Batch Number Label');
	insert into ftms.ftms_setting values ('StickerStatus', 'true', true, 'Ftms Sticker Status');
	insert into ftms.ftms_setting values ('FileCensus', 'true', true, 'File Census Tab Status');
	insert into ftms.ftms_setting values ('RequestFiles', 'true', true, 'Request Files Tab Status');
	
---locations
	insert into ftms.ftms_locations values('unknown', 'Unknown', false, 1);
	
---condititions
	insert into ftms.lkp_file_condition values('unknown' ,'Unknown',false, 1);
	


	INSERT INTO lkp_file_classification (mr_code, description, active) VALUES ('land', 'Land File', true);
	INSERT INTO lkp_file_classification (mr_code, description, active) VALUES ('test', 'Test File', true);
	INSERT INTO lkp_file_classification (mr_code, description, active) VALUES ('temp', 'Temporary File', true);

--KADUNA ONLY

	INSERT INTO file_type (file_type_id, file_type_code, active, description, min_number, max_number, auto_generated, current_number, number_format, certificate_code, min_size, file_classification_code) VALUES (1, 'NSE', false, 'Nasarawa Exsiting', 20000, 29000, false, NULL, '^[0-9]{5}$', 1, 5, 'test');
	INSERT INTO file_type (file_type_id, file_type_code, active, description, min_number, max_number, auto_generated, current_number, number_format, certificate_code, min_size, file_classification_code) VALUES (2, 'NSN', false, 'Nasarawa New', 60000, 90000, true, 60000, '^[0-9]{5}$', 2, 5, 'temp');
	INSERT INTO file_type (file_type_id, file_type_code, active, description, min_number, max_number, auto_generated, current_number, number_format, certificate_code, min_size, file_classification_code) VALUES (5, 'TEMP ', true, 'Temporary KD', 1, 100000, true, 556, '^[0-9]{1,7}$', NULL, 1, 'temp');
	INSERT INTO file_type (file_type_id, file_type_code, active, description, min_number, max_number, auto_generated, current_number, number_format, certificate_code, min_size, file_classification_code) VALUES (3, 'Test ', false, 'Test', 1, 5000, true, 77, '^[0-9]{8}$', 4, 5, 'test');
	INSERT INTO file_type (file_type_id, file_type_code, active, description, min_number, max_number, auto_generated, current_number, number_format, certificate_code, min_size, file_classification_code) VALUES (7, 'KDL ', true, 'New Land File', 260000, 350000, true, 268134, '^[0-9]{1,6}', 5, 5, 'land');
	INSERT INTO file_type (file_type_id, file_type_code, active, description, min_number, max_number, auto_generated, current_number, number_format, certificate_code, min_size, file_classification_code) VALUES (4, 'KDL ', true, 'Existing Land File', 1, 259999, false, NULL, '^[0-9]{1,6}$', 3, 5, 'land');




	INSERT INTO lkp_state VALUES ('Abia', true, 'ABIA');
	INSERT INTO lkp_state VALUES ('Adamawa', true, 'ADAMAWA');
	INSERT INTO lkp_state VALUES ('Akwa Ibom', true, 'AKWA IBOM');
	INSERT INTO lkp_state VALUES ('Anambra', true, 'ANAMBRA');
	INSERT INTO lkp_state VALUES ('Bauchi', true, 'BAUCHI');
	INSERT INTO lkp_state VALUES ('Bayelsa', true, 'BAYELSA');
	INSERT INTO lkp_state VALUES ('Benue', true, 'BENUE');
	INSERT INTO lkp_state VALUES ('Borno', true, 'BORNO');
	INSERT INTO lkp_state VALUES ('Cross River', true, 'CROSS RIVER');
	INSERT INTO lkp_state VALUES ('Delta', true, 'DELTA');
	INSERT INTO lkp_state VALUES ('Ebonyi', true, 'EBONYI');
	INSERT INTO lkp_state VALUES ('Edo', true, 'EDO');
	INSERT INTO lkp_state VALUES ('Ekiti', true, 'EKITI');
	INSERT INTO lkp_state VALUES ('Enugu', true, 'ENUGU');
	INSERT INTO lkp_state VALUES ('Federal Capital Territory', true, 'FEDERAL CAPITAL TERRITORY');
	INSERT INTO lkp_state VALUES ('Gombe', true, 'GOMBE');
	INSERT INTO lkp_state VALUES ('Imo', true, 'IMO');
	INSERT INTO lkp_state VALUES ('Jigawa', true, 'JIGAWA');
	INSERT INTO lkp_state VALUES ('Kaduna', true, 'KADUNA');
	INSERT INTO lkp_state VALUES ('Kano', true, 'KANO');
	INSERT INTO lkp_state VALUES ('Katsina', true, 'KATSINA');
	INSERT INTO lkp_state VALUES ('Kebbi', true, 'KEBBI');
	INSERT INTO lkp_state VALUES ('Kogi', true, 'KOGI');
	INSERT INTO lkp_state VALUES ('Kwara', true, 'KWARA');
	INSERT INTO lkp_state VALUES ('Lagos', true, 'LAGOS');
	INSERT INTO lkp_state VALUES ('Nasarawa', true, 'NASARAWA');
	INSERT INTO lkp_state VALUES ('Niger', true, 'NIGER');
	INSERT INTO lkp_state VALUES ('Ogun', true, 'OGUN');
	INSERT INTO lkp_state VALUES ('Ondo', true, 'ONDO');
	INSERT INTO lkp_state VALUES ('Osun', true, 'OSUN');
	INSERT INTO lkp_state VALUES ('Oyo', true, 'OYO');
	INSERT INTO lkp_state VALUES ('Plateau', true, 'PLATEAU');
	INSERT INTO lkp_state VALUES ('Rivers', true, 'RIVERS');
	INSERT INTO lkp_state VALUES ('Sokoto', true, 'SOKOTO');
	INSERT INTO lkp_state VALUES ('Taraba', true, 'TARABA');
	INSERT INTO lkp_state VALUES ('Yobe', true, 'YOBE');
	INSERT INTO lkp_state VALUES ('Zamfara', true, 'ZAMFARA');

	INSERT INTO location_type_upper VALUES ('A', true, 'Kaduna North', 'Kaduna');
	INSERT INTO location_type_upper VALUES ('B', true, 'Kaduna South', 'Kaduna');
	INSERT INTO location_type_upper VALUES ('Gwagwalada', true, 'Gwagwalada', 'Federal Capital Territory');
	INSERT INTO location_type_upper VALUES ('Kuje', true, 'Kuje', 'Federal Capital Territory');
	INSERT INTO location_type_upper VALUES ('Abaji', true, 'Abaji', 'Federal Capital Territory');
	INSERT INTO location_type_upper VALUES ('Abuja Municipal', true, 'Abuja Municipal', 'Federal Capital Territory');
	INSERT INTO location_type_upper VALUES ('Bwari', true, 'Bwari', 'Federal Capital Territory');
	INSERT INTO location_type_upper VALUES ('Kwali', true, 'Kwali', 'Federal Capital Territory');
	INSERT INTO location_type_upper VALUES ('Aba North', true, 'Aba North', 'Abia');
	INSERT INTO location_type_upper VALUES ('Aba South', true, 'Aba South', 'Abia');
	INSERT INTO location_type_upper VALUES ('Arochukwu', true, 'Arochukwu', 'Abia');
	INSERT INTO location_type_upper VALUES ('Bende', true, 'Bende', 'Abia');
	INSERT INTO location_type_upper VALUES ('Ikwuano', true, 'Ikwuano', 'Abia');
	INSERT INTO location_type_upper VALUES ('Isiala-Ngwa North', true, 'Isiala-Ngwa North', 'Abia');
	INSERT INTO location_type_upper VALUES ('Isiala-Ngwa South', true, 'Isiala-Ngwa South', 'Abia');
	INSERT INTO location_type_upper VALUES ('Isuikwato', true, 'Isuikwato', 'Abia');
	INSERT INTO location_type_upper VALUES ('Obi Nwa', true, 'Obi Nwa', 'Abia');
	INSERT INTO location_type_upper VALUES ('Ohafia', true, 'Ohafia', 'Abia');
	INSERT INTO location_type_upper VALUES ('Osisioma', true, 'Osisioma', 'Abia');
	INSERT INTO location_type_upper VALUES ('Ngwa', true, 'Ngwa', 'Abia');
	INSERT INTO location_type_upper VALUES ('Ugwunagbo', true, 'Ugwunagbo', 'Abia');
	INSERT INTO location_type_upper VALUES ('Ukwa East', true, 'Ukwa East', 'Abia');
	INSERT INTO location_type_upper VALUES ('Ukwa West', true, 'Ukwa West', 'Abia');
	INSERT INTO location_type_upper VALUES ('Umuahia North', true, 'Umuahia North', 'Abia');
	INSERT INTO location_type_upper VALUES ('Umuahia South', true, 'Umuahia South', 'Abia');
	INSERT INTO location_type_upper VALUES ('Umu-Neochi', true, 'Umu-Neochi', 'Abia');
	INSERT INTO location_type_upper VALUES ('Demsa', true, 'Demsa', 'Adamawa');
	INSERT INTO location_type_upper VALUES ('Fufore', true, 'Fufore', 'Adamawa');
	INSERT INTO location_type_upper VALUES ('Ganaye', true, 'Ganaye', 'Adamawa');
	INSERT INTO location_type_upper VALUES ('Gireri', true, 'Gireri', 'Adamawa');
	INSERT INTO location_type_upper VALUES ('Gombi', true, 'Gombi', 'Adamawa');
	INSERT INTO location_type_upper VALUES ('Guyuk', true, 'Guyuk', 'Adamawa');
	INSERT INTO location_type_upper VALUES ('Hong', true, 'Hong', 'Adamawa');
	INSERT INTO location_type_upper VALUES ('Jada', true, 'Jada', 'Adamawa');
	INSERT INTO location_type_upper VALUES ('Lamurde', true, 'Lamurde', 'Adamawa');
	INSERT INTO location_type_upper VALUES ('Madagali', true, 'Madagali', 'Adamawa');
	INSERT INTO location_type_upper VALUES ('Maiha', true, 'Maiha', 'Adamawa');
	INSERT INTO location_type_upper VALUES ('Mayo-Belwa', true, 'Mayo-Belwa', 'Adamawa');
	INSERT INTO location_type_upper VALUES ('Michika', true, 'Michika', 'Adamawa');
	INSERT INTO location_type_upper VALUES ('Mubi North', true, 'Mubi North', 'Adamawa');
	INSERT INTO location_type_upper VALUES ('Mubi South', true, 'Mubi South', 'Adamawa');
	INSERT INTO location_type_upper VALUES ('Numan', true, 'Numan', 'Adamawa');
	INSERT INTO location_type_upper VALUES ('Shelleng', true, 'Shelleng', 'Adamawa');
	INSERT INTO location_type_upper VALUES ('Song', true, 'Song', 'Adamawa');
	INSERT INTO location_type_upper VALUES ('Toungo', true, 'Toungo', 'Adamawa');
	INSERT INTO location_type_upper VALUES ('Yola North', true, 'Yola North', 'Adamawa');
	INSERT INTO location_type_upper VALUES ('Yola South', true, 'Yola South', 'Adamawa');
	INSERT INTO location_type_upper VALUES ('Abak', true, 'Abak', 'Akwa Ibom');
	INSERT INTO location_type_upper VALUES ('Eastern Obolo', true, 'Eastern Obolo', 'Akwa Ibom');
	INSERT INTO location_type_upper VALUES ('Eket', true, 'Eket', 'Akwa Ibom');
	INSERT INTO location_type_upper VALUES ('Esit Eket', true, 'Esit Eket', 'Akwa Ibom');
	INSERT INTO location_type_upper VALUES ('Essien Udim', true, 'Essien Udim', 'Akwa Ibom');
	INSERT INTO location_type_upper VALUES ('Etim Ekpo', true, 'Etim Ekpo', 'Akwa Ibom');
	INSERT INTO location_type_upper VALUES ('Etinan', true, 'Etinan', 'Akwa Ibom');
	INSERT INTO location_type_upper VALUES ('Ibeno', true, 'Ibeno', 'Akwa Ibom');
	INSERT INTO location_type_upper VALUES ('Ibesikpo Asutan', true, 'Ibesikpo Asutan', 'Akwa Ibom');
	INSERT INTO location_type_upper VALUES ('Ibiono Ibom', true, 'Ibiono Ibom', 'Akwa Ibom');
	INSERT INTO location_type_upper VALUES ('Ika', true, 'Ika', 'Akwa Ibom');
	INSERT INTO location_type_upper VALUES ('Ikono', true, 'Ikono', 'Akwa Ibom');
	INSERT INTO location_type_upper VALUES ('Ikot Abasi', true, 'Ikot Abasi', 'Akwa Ibom');
	INSERT INTO location_type_upper VALUES ('Ikot Ekpene', true, 'Ikot Ekpene', 'Akwa Ibom');
	INSERT INTO location_type_upper VALUES ('Ini', true, 'Ini', 'Akwa Ibom');
	INSERT INTO location_type_upper VALUES ('Itu', true, 'Itu', 'Akwa Ibom');
	INSERT INTO location_type_upper VALUES ('Mbo', true, 'Mbo', 'Akwa Ibom');
	INSERT INTO location_type_upper VALUES ('Mkpat Enin', true, 'Mkpat Enin', 'Akwa Ibom');
	INSERT INTO location_type_upper VALUES ('Nsit Atai', true, 'Nsit Atai', 'Akwa Ibom');
	INSERT INTO location_type_upper VALUES ('Nsit Ibom', true, 'Nsit Ibom', 'Akwa Ibom');
	INSERT INTO location_type_upper VALUES ('Nsit Ubium', true, 'Nsit Ubium', 'Akwa Ibom');
	INSERT INTO location_type_upper VALUES ('Obot Akara', true, 'Obot Akara', 'Akwa Ibom');
	INSERT INTO location_type_upper VALUES ('Okobo', true, 'Okobo', 'Akwa Ibom');
	INSERT INTO location_type_upper VALUES ('Onna', true, 'Onna', 'Akwa Ibom');
	INSERT INTO location_type_upper VALUES ('Oron', true, 'Oron', 'Akwa Ibom');
	INSERT INTO location_type_upper VALUES ('Oruk Anam', true, 'Oruk Anam', 'Akwa Ibom');
	INSERT INTO location_type_upper VALUES ('Udung Uko', true, 'Udung Uko', 'Akwa Ibom');
	INSERT INTO location_type_upper VALUES ('Ukanafun', true, 'Ukanafun', 'Akwa Ibom');
	INSERT INTO location_type_upper VALUES ('Uruan', true, 'Uruan', 'Akwa Ibom');
	INSERT INTO location_type_upper VALUES ('Urue-Offong/Oruko', true, 'Urue-Offong/Oruko', 'Akwa Ibom');
	INSERT INTO location_type_upper VALUES ('Uyo', true, 'Uyo', 'Akwa Ibom');
	INSERT INTO location_type_upper VALUES ('Aguata', true, 'Aguata', 'Anambra');
	INSERT INTO location_type_upper VALUES ('Anambra East', true, 'Anambra East', 'Anambra');
	INSERT INTO location_type_upper VALUES ('Anambra West', true, 'Anambra West', 'Anambra');
	INSERT INTO location_type_upper VALUES ('Anaocha', true, 'Anaocha', 'Anambra');
	INSERT INTO location_type_upper VALUES ('Awka North', true, 'Awka North', 'Anambra');
	INSERT INTO location_type_upper VALUES ('Awka South', true, 'Awka South', 'Anambra');
	INSERT INTO location_type_upper VALUES ('Ayamelum', true, 'Ayamelum', 'Anambra');
	INSERT INTO location_type_upper VALUES ('Dunukofia', true, 'Dunukofia', 'Anambra');
	INSERT INTO location_type_upper VALUES ('Ekwusigo', true, 'Ekwusigo', 'Anambra');
	INSERT INTO location_type_upper VALUES ('Idemili North', true, 'Idemili North', 'Anambra');
	INSERT INTO location_type_upper VALUES ('Idemili south', true, 'Idemili south', 'Anambra');
	INSERT INTO location_type_upper VALUES ('Ihiala', true, 'Ihiala', 'Anambra');
	INSERT INTO location_type_upper VALUES ('Njikoka', true, 'Njikoka', 'Anambra');
	INSERT INTO location_type_upper VALUES ('Nnewi North', true, 'Nnewi North', 'Anambra');
	INSERT INTO location_type_upper VALUES ('Nnewi South', true, 'Nnewi South', 'Anambra');
	INSERT INTO location_type_upper VALUES ('Ogbaru', true, 'Ogbaru', 'Anambra');
	INSERT INTO location_type_upper VALUES ('Onitsha North', true, 'Onitsha North', 'Anambra');
	INSERT INTO location_type_upper VALUES ('Onitsha South', true, 'Onitsha South', 'Anambra');
	INSERT INTO location_type_upper VALUES ('Orumba North', true, 'Orumba North', 'Anambra');
	INSERT INTO location_type_upper VALUES ('Orumba South', true, 'Orumba South', 'Anambra');
	INSERT INTO location_type_upper VALUES ('Oyi', true, 'Oyi', 'Anambra');
	INSERT INTO location_type_upper VALUES ('Alkaleri', true, 'Alkaleri', 'Bauchi');
	INSERT INTO location_type_upper VALUES ('Bauchi', true, 'Bauchi', 'Bauchi');
	INSERT INTO location_type_upper VALUES ('Bogoro', true, 'Bogoro', 'Bauchi');
	INSERT INTO location_type_upper VALUES ('Damban', true, 'Damban', 'Bauchi');
	INSERT INTO location_type_upper VALUES ('Darazo', true, 'Darazo', 'Bauchi');
	INSERT INTO location_type_upper VALUES ('Dass', true, 'Dass', 'Bauchi');
	INSERT INTO location_type_upper VALUES ('Ganjuwa', true, 'Ganjuwa', 'Bauchi');
	INSERT INTO location_type_upper VALUES ('Giade', true, 'Giade', 'Bauchi');
	INSERT INTO location_type_upper VALUES ('Itas/Gadau', true, 'Itas/Gadau', 'Bauchi');
	INSERT INTO location_type_upper VALUES ('Jama''are', true, 'Jama''are', 'Bauchi');
	INSERT INTO location_type_upper VALUES ('Katagum', true, 'Katagum', 'Bauchi');
	INSERT INTO location_type_upper VALUES ('Kirfi', true, 'Kirfi', 'Bauchi');
	INSERT INTO location_type_upper VALUES ('Misau', true, 'Misau', 'Bauchi');
	INSERT INTO location_type_upper VALUES ('Ningi', true, 'Ningi', 'Bauchi');
	INSERT INTO location_type_upper VALUES ('Shira', true, 'Shira', 'Bauchi');
	INSERT INTO location_type_upper VALUES ('Tafawa-Balewa', true, 'Tafawa-Balewa', 'Bauchi');
	INSERT INTO location_type_upper VALUES ('Toro', true, 'Toro', 'Bauchi');
	INSERT INTO location_type_upper VALUES ('Warji', true, 'Warji', 'Bauchi');
	INSERT INTO location_type_upper VALUES ('Zaki', true, 'Zaki', 'Bauchi');
	INSERT INTO location_type_upper VALUES ('Brass', true, 'Brass', 'Bayelsa');
	INSERT INTO location_type_upper VALUES ('Ekeremor', true, 'Ekeremor', 'Bayelsa');
	INSERT INTO location_type_upper VALUES ('Kolokuma/Opokuma', true, 'Kolokuma/Opokuma', 'Bayelsa');
	INSERT INTO location_type_upper VALUES ('Nembe', true, 'Nembe', 'Bayelsa');
	INSERT INTO location_type_upper VALUES ('Ogbia', true, 'Ogbia', 'Bayelsa');
	INSERT INTO location_type_upper VALUES ('Sagbama', true, 'Sagbama', 'Bayelsa');
	INSERT INTO location_type_upper VALUES ('Southern Jaw', true, 'Southern Jaw', 'Bayelsa');
	INSERT INTO location_type_upper VALUES ('Yenegoa', true, 'Yenegoa', 'Bayelsa');
	INSERT INTO location_type_upper VALUES ('Ado1', true, 'Ado', 'Benue');
	INSERT INTO location_type_upper VALUES ('Agatu', true, 'Agatu', 'Benue');
	INSERT INTO location_type_upper VALUES ('Apa', true, 'Apa', 'Benue');
	INSERT INTO location_type_upper VALUES ('Buruku', true, 'Buruku', 'Benue');
	INSERT INTO location_type_upper VALUES ('Gboko', true, 'Gboko', 'Benue');
	INSERT INTO location_type_upper VALUES ('Guma', true, 'Guma', 'Benue');
	INSERT INTO location_type_upper VALUES ('Gwer East', true, 'Gwer East', 'Benue');
	INSERT INTO location_type_upper VALUES ('Gwer West', true, 'Gwer West', 'Benue');
	INSERT INTO location_type_upper VALUES ('Katsina-Ala', true, 'Katsina-Ala', 'Benue');
	INSERT INTO location_type_upper VALUES ('Konshisha', true, 'Konshisha', 'Benue');
	INSERT INTO location_type_upper VALUES ('Kwande', true, 'Kwande', 'Benue');
	INSERT INTO location_type_upper VALUES ('Logo', true, 'Logo', 'Benue');
	INSERT INTO location_type_upper VALUES ('Makurdi', true, 'Makurdi', 'Benue');
	INSERT INTO location_type_upper VALUES ('Obi2', true, 'Obi', 'Benue');
	INSERT INTO location_type_upper VALUES ('Ogbadibo', true, 'Ogbadibo', 'Benue');
	INSERT INTO location_type_upper VALUES ('Oju', true, 'Oju', 'Benue');
	INSERT INTO location_type_upper VALUES ('Okpokwu', true, 'Okpokwu', 'Benue');
	INSERT INTO location_type_upper VALUES ('Ohimini', true, 'Ohimini', 'Benue');
	INSERT INTO location_type_upper VALUES ('Oturkpo', true, 'Oturkpo', 'Benue');
	INSERT INTO location_type_upper VALUES ('Tarka', true, 'Tarka', 'Benue');
	INSERT INTO location_type_upper VALUES ('Ukum', true, 'Ukum', 'Benue');
	INSERT INTO location_type_upper VALUES ('Ushongo', true, 'Ushongo', 'Benue');
	INSERT INTO location_type_upper VALUES ('Vandeikya', true, 'Vandeikya', 'Benue');
	INSERT INTO location_type_upper VALUES ('Abadam', true, 'Abadam', 'Borno');
	INSERT INTO location_type_upper VALUES ('Askira/Uba', true, 'Askira/Uba', 'Borno');
	INSERT INTO location_type_upper VALUES ('Bama', true, 'Bama', 'Borno');
	INSERT INTO location_type_upper VALUES ('Bayo', true, 'Bayo', 'Borno');
	INSERT INTO location_type_upper VALUES ('Biu', true, 'Biu', 'Borno');
	INSERT INTO location_type_upper VALUES ('Chibok', true, 'Chibok', 'Borno');
	INSERT INTO location_type_upper VALUES ('Damboa', true, 'Damboa', 'Borno');
	INSERT INTO location_type_upper VALUES ('Dikwa', true, 'Dikwa', 'Borno');
	INSERT INTO location_type_upper VALUES ('Gubio', true, 'Gubio', 'Borno');
	INSERT INTO location_type_upper VALUES ('Guzamala', true, 'Guzamala', 'Borno');
	INSERT INTO location_type_upper VALUES ('Gwoza', true, 'Gwoza', 'Borno');
	INSERT INTO location_type_upper VALUES ('Hawul', true, 'Hawul', 'Borno');
	INSERT INTO location_type_upper VALUES ('Jere', true, 'Jere', 'Borno');
	INSERT INTO location_type_upper VALUES ('Kaga', true, 'Kaga', 'Borno');
	INSERT INTO location_type_upper VALUES ('Kala/Balge', true, 'Kala/Balge', 'Borno');
	INSERT INTO location_type_upper VALUES ('Konduga', true, 'Konduga', 'Borno');
	INSERT INTO location_type_upper VALUES ('Kukawa', true, 'Kukawa', 'Borno');
	INSERT INTO location_type_upper VALUES ('Kwaya Kusar', true, 'Kwaya Kusar', 'Borno');
	INSERT INTO location_type_upper VALUES ('Mafa', true, 'Mafa', 'Borno');
	INSERT INTO location_type_upper VALUES ('Magumeri', true, 'Magumeri', 'Borno');
	INSERT INTO location_type_upper VALUES ('Maiduguri', true, 'Maiduguri', 'Borno');
	INSERT INTO location_type_upper VALUES ('Marte', true, 'Marte', 'Borno');
	INSERT INTO location_type_upper VALUES ('Mobbar', true, 'Mobbar', 'Borno');
	INSERT INTO location_type_upper VALUES ('Monguno', true, 'Monguno', 'Borno');
	INSERT INTO location_type_upper VALUES ('Ngala', true, 'Ngala', 'Borno');
	INSERT INTO location_type_upper VALUES ('Nganzai', true, 'Nganzai', 'Borno');
	INSERT INTO location_type_upper VALUES ('Shani', true, 'Shani', 'Borno');
	INSERT INTO location_type_upper VALUES ('Akpabuyo', true, 'Akpabuyo', 'Cross River');
	INSERT INTO location_type_upper VALUES ('Odukpani', true, 'Odukpani', 'Cross River');
	INSERT INTO location_type_upper VALUES ('Akamkpa', true, 'Akamkpa', 'Cross River');
	INSERT INTO location_type_upper VALUES ('Biase', true, 'Biase', 'Cross River');
	INSERT INTO location_type_upper VALUES ('Abi', true, 'Abi', 'Cross River');
	INSERT INTO location_type_upper VALUES ('Ikom', true, 'Ikom', 'Cross River');
	INSERT INTO location_type_upper VALUES ('Yarkur', true, 'Yarkur', 'Cross River');
	INSERT INTO location_type_upper VALUES ('Odubra', true, 'Odubra', 'Cross River');
	INSERT INTO location_type_upper VALUES ('Boki', true, 'Boki', 'Cross River');
	INSERT INTO location_type_upper VALUES ('Ogoja', true, 'Ogoja', 'Cross River');
	INSERT INTO location_type_upper VALUES ('Yala', true, 'Yala', 'Cross River');
	INSERT INTO location_type_upper VALUES ('Obanliku', true, 'Obanliku', 'Cross River');
	INSERT INTO location_type_upper VALUES ('Obudu', true, 'Obudu', 'Cross River');
	INSERT INTO location_type_upper VALUES ('Calabar South', true, 'Calabar South', 'Cross River');
	INSERT INTO location_type_upper VALUES ('Etung', true, 'Etung', 'Cross River');
	INSERT INTO location_type_upper VALUES ('Bekwara', true, 'Bekwara', 'Cross River');
	INSERT INTO location_type_upper VALUES ('Bakassi', true, 'Bakassi', 'Cross River');
	INSERT INTO location_type_upper VALUES ('Calabar Municipality', true, 'Calabar Municipality', 'Cross River');
	INSERT INTO location_type_upper VALUES ('Oshimili', true, 'Oshimili', 'Delta');
	INSERT INTO location_type_upper VALUES ('Aniocha', true, 'Aniocha', 'Delta');
	INSERT INTO location_type_upper VALUES ('Aniocha South', true, 'Aniocha South', 'Delta');
	INSERT INTO location_type_upper VALUES ('Ika South', true, 'Ika South', 'Delta');
	INSERT INTO location_type_upper VALUES ('Ika North-East', true, 'Ika North-East', 'Delta');
	INSERT INTO location_type_upper VALUES ('Ndokwa West', true, 'Ndokwa West', 'Delta');
	INSERT INTO location_type_upper VALUES ('Ndokwa East', true, 'Ndokwa East', 'Delta');
	INSERT INTO location_type_upper VALUES ('Isoko south', true, 'Isoko south', 'Delta');
	INSERT INTO location_type_upper VALUES ('Isoko North', true, 'Isoko North', 'Delta');
	INSERT INTO location_type_upper VALUES ('Bomadi', true, 'Bomadi', 'Delta');
	INSERT INTO location_type_upper VALUES ('Burutu', true, 'Burutu', 'Delta');
	INSERT INTO location_type_upper VALUES ('Ughelli South', true, 'Ughelli South', 'Delta');
	INSERT INTO location_type_upper VALUES ('Ughelli North', true, 'Ughelli North', 'Delta');
	INSERT INTO location_type_upper VALUES ('Ethiope West', true, 'Ethiope West', 'Delta');
	INSERT INTO location_type_upper VALUES ('Ethiope East', true, 'Ethiope East', 'Delta');
	INSERT INTO location_type_upper VALUES ('Sapele', true, 'Sapele', 'Delta');
	INSERT INTO location_type_upper VALUES ('Okpe', true, 'Okpe', 'Delta');
	INSERT INTO location_type_upper VALUES ('Warri North', true, 'Warri North', 'Delta');
	INSERT INTO location_type_upper VALUES ('Warri South', true, 'Warri South', 'Delta');
	INSERT INTO location_type_upper VALUES ('Uvwie', true, 'Uvwie', 'Delta');
	INSERT INTO location_type_upper VALUES ('Udu', true, 'Udu', 'Delta');
	INSERT INTO location_type_upper VALUES ('Warri Central', true, 'Warri Central', 'Delta');
	INSERT INTO location_type_upper VALUES ('Ukwani', true, 'Ukwani', 'Delta');
	INSERT INTO location_type_upper VALUES ('Oshimili North', true, 'Oshimili North', 'Delta');
	INSERT INTO location_type_upper VALUES ('Patani', true, 'Patani', 'Delta');
	INSERT INTO location_type_upper VALUES ('Afikpo South', true, 'Afikpo South', 'Ebonyi');
	INSERT INTO location_type_upper VALUES ('Afikpo North', true, 'Afikpo North', 'Ebonyi');
	INSERT INTO location_type_upper VALUES ('Onicha', true, 'Onicha', 'Ebonyi');
	INSERT INTO location_type_upper VALUES ('Ohaozara', true, 'Ohaozara', 'Ebonyi');
	INSERT INTO location_type_upper VALUES ('Abakaliki', true, 'Abakaliki', 'Ebonyi');
	INSERT INTO location_type_upper VALUES ('Ishielu', true, 'Ishielu', 'Ebonyi');
	INSERT INTO location_type_upper VALUES ('lkwo', true, 'lkwo', 'Ebonyi');
	INSERT INTO location_type_upper VALUES ('Ezza', true, 'Ezza', 'Ebonyi');
	INSERT INTO location_type_upper VALUES ('Ezza South', true, 'Ezza South', 'Ebonyi');
	INSERT INTO location_type_upper VALUES ('Ohaukwu', true, 'Ohaukwu', 'Ebonyi');
	INSERT INTO location_type_upper VALUES ('Ebonyi', true, 'Ebonyi', 'Ebonyi');
	INSERT INTO location_type_upper VALUES ('Ivo', true, 'Ivo', 'Ebonyi');
	INSERT INTO location_type_upper VALUES ('Esan North-East', true, 'Esan North-East', 'Edo');
	INSERT INTO location_type_upper VALUES ('Esan Central', true, 'Esan Central', 'Edo');
	INSERT INTO location_type_upper VALUES ('Esan West', true, 'Esan West', 'Edo');
	INSERT INTO location_type_upper VALUES ('Egor', true, 'Egor', 'Edo');
	INSERT INTO location_type_upper VALUES ('Ukpoba', true, 'Ukpoba', 'Edo');
	INSERT INTO location_type_upper VALUES ('Etsako Central', true, 'Etsako Central', 'Edo');
	INSERT INTO location_type_upper VALUES ('Igueben', true, 'Igueben', 'Edo');
	INSERT INTO location_type_upper VALUES ('Oredo', true, 'Oredo', 'Edo');
	INSERT INTO location_type_upper VALUES ('Ovia South-East', true, 'Ovia South-East', 'Edo');
	INSERT INTO location_type_upper VALUES ('Orhionwon', true, 'Orhionwon', 'Edo');
	INSERT INTO location_type_upper VALUES ('Uhunmwonde', true, 'Uhunmwonde', 'Edo');
	INSERT INTO location_type_upper VALUES ('Owan East', true, 'Owan East', 'Edo');
	INSERT INTO location_type_upper VALUES ('Etsako East', true, 'Etsako East', 'Edo');
	INSERT INTO location_type_upper VALUES ('Esan South-East', true, 'Esan South-East', 'Edo');
	INSERT INTO location_type_upper VALUES ('Ado2', true, 'Ado', 'Ekiti');
	INSERT INTO location_type_upper VALUES ('Ekiti-East', true, 'Ekiti-East', 'Ekiti');
	INSERT INTO location_type_upper VALUES ('Ekiti-West', true, 'Ekiti-West', 'Ekiti');
	INSERT INTO location_type_upper VALUES ('Emure/Ise/Orun', true, 'Emure/Ise/Orun', 'Ekiti');
	INSERT INTO location_type_upper VALUES ('Ekiti South-West', true, 'Ekiti South-West', 'Ekiti');
	INSERT INTO location_type_upper VALUES ('Ikare', true, 'Ikare', 'Ekiti');
	INSERT INTO location_type_upper VALUES ('Irepodun2', true, 'Irepodun', 'Ekiti');
	INSERT INTO location_type_upper VALUES ('Ijero,', true, 'Ijero,', 'Ekiti');
	INSERT INTO location_type_upper VALUES ('Ido/Osi', true, 'Ido/Osi', 'Ekiti');
	INSERT INTO location_type_upper VALUES ('Oye', true, 'Oye', 'Ekiti');
	INSERT INTO location_type_upper VALUES ('Ikole', true, 'Ikole', 'Ekiti');
	INSERT INTO location_type_upper VALUES ('Moba', true, 'Moba', 'Ekiti');
	INSERT INTO location_type_upper VALUES ('Gbonyin', true, 'Gbonyin', 'Ekiti');
	INSERT INTO location_type_upper VALUES ('Efon', true, 'Efon', 'Ekiti');
	INSERT INTO location_type_upper VALUES ('Ise/Orun', true, 'Ise/Orun', 'Ekiti');
	INSERT INTO location_type_upper VALUES ('Ilejemeje.', true, 'Ilejemeje.', 'Ekiti');
	INSERT INTO location_type_upper VALUES ('Enugu South,', true, 'Enugu South,', 'Enugu');
	INSERT INTO location_type_upper VALUES ('Igbo-Eze South', true, 'Igbo-Eze South', 'Enugu');
	INSERT INTO location_type_upper VALUES ('Enugu North', true, 'Enugu North', 'Enugu');
	INSERT INTO location_type_upper VALUES ('Nkanu', true, 'Nkanu', 'Enugu');
	INSERT INTO location_type_upper VALUES ('Udi Agwu', true, 'Udi Agwu', 'Enugu');
	INSERT INTO location_type_upper VALUES ('Oji-River', true, 'Oji-River', 'Enugu');
	INSERT INTO location_type_upper VALUES ('Ezeagu', true, 'Ezeagu', 'Enugu');
	INSERT INTO location_type_upper VALUES ('IgboEze North', true, 'IgboEze North', 'Enugu');
	INSERT INTO location_type_upper VALUES ('Isi-Uzo', true, 'Isi-Uzo', 'Enugu');
	INSERT INTO location_type_upper VALUES ('Nsukka', true, 'Nsukka', 'Enugu');
	INSERT INTO location_type_upper VALUES ('Igbo-Ekiti', true, 'Igbo-Ekiti', 'Enugu');
	INSERT INTO location_type_upper VALUES ('Uzo-Uwani', true, 'Uzo-Uwani', 'Enugu');
	INSERT INTO location_type_upper VALUES ('Enugu Eas', true, 'Enugu Eas', 'Enugu');
	INSERT INTO location_type_upper VALUES ('Aninri', true, 'Aninri', 'Enugu');
	INSERT INTO location_type_upper VALUES ('Nkanu East', true, 'Nkanu East', 'Enugu');
	INSERT INTO location_type_upper VALUES ('Udenu.', true, 'Udenu.', 'Enugu');
	INSERT INTO location_type_upper VALUES ('Akko', true, 'Akko', 'Gombe');
	INSERT INTO location_type_upper VALUES ('Balanga', true, 'Balanga', 'Gombe');
	INSERT INTO location_type_upper VALUES ('Billiri', true, 'Billiri', 'Gombe');
	INSERT INTO location_type_upper VALUES ('Dukku', true, 'Dukku', 'Gombe');
	INSERT INTO location_type_upper VALUES ('Kaltungo', true, 'Kaltungo', 'Gombe');
	INSERT INTO location_type_upper VALUES ('Kwami', true, 'Kwami', 'Gombe');
	INSERT INTO location_type_upper VALUES ('Shomgom', true, 'Shomgom', 'Gombe');
	INSERT INTO location_type_upper VALUES ('Funakaye', true, 'Funakaye', 'Gombe');
	INSERT INTO location_type_upper VALUES ('Gombe', true, 'Gombe', 'Gombe');
	INSERT INTO location_type_upper VALUES ('Nafada/Bajoga', true, 'Nafada/Bajoga', 'Gombe');
	INSERT INTO location_type_upper VALUES ('Yamaltu/Delta.', true, 'Yamaltu/Delta.', 'Gombe');
	INSERT INTO location_type_upper VALUES ('Aboh-Mbaise', true, 'Aboh-Mbaise', 'Imo');
	INSERT INTO location_type_upper VALUES ('Ahiazu-Mbaise', true, 'Ahiazu-Mbaise', 'Imo');
	INSERT INTO location_type_upper VALUES ('Ehime-Mbano', true, 'Ehime-Mbano', 'Imo');
	INSERT INTO location_type_upper VALUES ('Ezinihitte', true, 'Ezinihitte', 'Imo');
	INSERT INTO location_type_upper VALUES ('Ideato North', true, 'Ideato North', 'Imo');
	INSERT INTO location_type_upper VALUES ('Ideato South', true, 'Ideato South', 'Imo');
	INSERT INTO location_type_upper VALUES ('Ihitte/Uboma', true, 'Ihitte/Uboma', 'Imo');
	INSERT INTO location_type_upper VALUES ('Ikeduru', true, 'Ikeduru', 'Imo');
	INSERT INTO location_type_upper VALUES ('Isiala Mbano', true, 'Isiala Mbano', 'Imo');
	INSERT INTO location_type_upper VALUES ('Isu', true, 'Isu', 'Imo');
	INSERT INTO location_type_upper VALUES ('Mbaitoli', true, 'Mbaitoli', 'Imo');
	INSERT INTO location_type_upper VALUES ('Onuimo', true, 'Onuimo', 'Imo');
	INSERT INTO location_type_upper VALUES ('Ngor-Okpala', true, 'Ngor-Okpala', 'Imo');
	INSERT INTO location_type_upper VALUES ('Njaba', true, 'Njaba', 'Imo');
	INSERT INTO location_type_upper VALUES ('Nwangele', true, 'Nwangele', 'Imo');
	INSERT INTO location_type_upper VALUES ('Nkwerre', true, 'Nkwerre', 'Imo');
	INSERT INTO location_type_upper VALUES ('Obowo', true, 'Obowo', 'Imo');
	INSERT INTO location_type_upper VALUES ('Oguta', true, 'Oguta', 'Imo');
	INSERT INTO location_type_upper VALUES ('Ohaji/Egbema', true, 'Ohaji/Egbema', 'Imo');
	INSERT INTO location_type_upper VALUES ('Okigwe', true, 'Okigwe', 'Imo');
	INSERT INTO location_type_upper VALUES ('Orlu', true, 'Orlu', 'Imo');
	INSERT INTO location_type_upper VALUES ('Orsu', true, 'Orsu', 'Imo');
	INSERT INTO location_type_upper VALUES ('Oru East', true, 'Oru East', 'Imo');
	INSERT INTO location_type_upper VALUES ('Oru West', true, 'Oru West', 'Imo');
	INSERT INTO location_type_upper VALUES ('Owerri-Municipal', true, 'Owerri-Municipal', 'Imo');
	INSERT INTO location_type_upper VALUES ('Owerri North', true, 'Owerri North', 'Imo');
	INSERT INTO location_type_upper VALUES ('Owerri West', true, 'Owerri West', 'Imo');
	INSERT INTO location_type_upper VALUES ('Auyo', true, 'Auyo', 'Jigawa');
	INSERT INTO location_type_upper VALUES ('Babura', true, 'Babura', 'Jigawa');
	INSERT INTO location_type_upper VALUES ('Birni Kudu', true, 'Birni Kudu', 'Jigawa');
	INSERT INTO location_type_upper VALUES ('Biriniwa', true, 'Biriniwa', 'Jigawa');
	INSERT INTO location_type_upper VALUES ('Buji', true, 'Buji', 'Jigawa');
	INSERT INTO location_type_upper VALUES ('Dutse', true, 'Dutse', 'Jigawa');
	INSERT INTO location_type_upper VALUES ('Gagarawa', true, 'Gagarawa', 'Jigawa');
	INSERT INTO location_type_upper VALUES ('Garki', true, 'Garki', 'Jigawa');
	INSERT INTO location_type_upper VALUES ('Gumel', true, 'Gumel', 'Jigawa');
	INSERT INTO location_type_upper VALUES ('Guri', true, 'Guri', 'Jigawa');
	INSERT INTO location_type_upper VALUES ('Gwaram', true, 'Gwaram', 'Jigawa');
	INSERT INTO location_type_upper VALUES ('Gwiwa', true, 'Gwiwa', 'Jigawa');
	INSERT INTO location_type_upper VALUES ('Hadejia', true, 'Hadejia', 'Jigawa');
	INSERT INTO location_type_upper VALUES ('Jahun', true, 'Jahun', 'Jigawa');
	INSERT INTO location_type_upper VALUES ('Kafin Hausa', true, 'Kafin Hausa', 'Jigawa');
	INSERT INTO location_type_upper VALUES ('Kaugama Kazaure', true, 'Kaugama Kazaure', 'Jigawa');
	INSERT INTO location_type_upper VALUES ('Kiri Kasamma', true, 'Kiri Kasamma', 'Jigawa');
	INSERT INTO location_type_upper VALUES ('Kiyawa', true, 'Kiyawa', 'Jigawa');
	INSERT INTO location_type_upper VALUES ('Maigatari', true, 'Maigatari', 'Jigawa');
	INSERT INTO location_type_upper VALUES ('Malam Madori', true, 'Malam Madori', 'Jigawa');
	INSERT INTO location_type_upper VALUES ('Miga', true, 'Miga', 'Jigawa');
	INSERT INTO location_type_upper VALUES ('Ringim', true, 'Ringim', 'Jigawa');
	INSERT INTO location_type_upper VALUES ('Roni', true, 'Roni', 'Jigawa');
	INSERT INTO location_type_upper VALUES ('Sule-Tankarkar', true, 'Sule-Tankarkar', 'Jigawa');
	INSERT INTO location_type_upper VALUES ('Taura', true, 'Taura', 'Jigawa');
	INSERT INTO location_type_upper VALUES ('Yankwashi', true, 'Yankwashi', 'Jigawa');
	INSERT INTO location_type_upper VALUES ('Birni-Gwari', true, 'Birni-Gwari', 'Kaduna');
	INSERT INTO location_type_upper VALUES ('Chikun', true, 'Chikun', 'Kaduna');
	INSERT INTO location_type_upper VALUES ('Giwa', true, 'Giwa', 'Kaduna');
	INSERT INTO location_type_upper VALUES ('Igabi', true, 'Igabi', 'Kaduna');
	INSERT INTO location_type_upper VALUES ('Ikara', true, 'Ikara', 'Kaduna');
	INSERT INTO location_type_upper VALUES ('jaba', true, 'jaba', 'Kaduna');
	INSERT INTO location_type_upper VALUES ('Jema''a', true, 'Jema''a', 'Kaduna');
	INSERT INTO location_type_upper VALUES ('Kachia', true, 'Kachia', 'Kaduna');
	INSERT INTO location_type_upper VALUES ('Kagarko', true, 'Kagarko', 'Kaduna');
	INSERT INTO location_type_upper VALUES ('Kajuru', true, 'Kajuru', 'Kaduna');
	INSERT INTO location_type_upper VALUES ('Kaura1', true, 'Kaura', 'Kaduna');
	INSERT INTO location_type_upper VALUES ('Kauru', true, 'Kauru', 'Kaduna');
	INSERT INTO location_type_upper VALUES ('Kubau', true, 'Kubau', 'Kaduna');
	INSERT INTO location_type_upper VALUES ('Kudan', true, 'Kudan', 'Kaduna');
	INSERT INTO location_type_upper VALUES ('Lere', true, 'Lere', 'Kaduna');
	INSERT INTO location_type_upper VALUES ('Makarfi', true, 'Makarfi', 'Kaduna');
	INSERT INTO location_type_upper VALUES ('Sabon-Gari', true, 'Sabon-Gari', 'Kaduna');
	INSERT INTO location_type_upper VALUES ('Sanga', true, 'Sanga', 'Kaduna');
	INSERT INTO location_type_upper VALUES ('Soba', true, 'Soba', 'Kaduna');
	INSERT INTO location_type_upper VALUES ('Zango-Kataf', true, 'Zango-Kataf', 'Kaduna');
	INSERT INTO location_type_upper VALUES ('Zaria', true, 'Zaria', 'Kaduna');
	INSERT INTO location_type_upper VALUES ('Ajingi', true, 'Ajingi', 'Kano');
	INSERT INTO location_type_upper VALUES ('Albasu', true, 'Albasu', 'Kano');
	INSERT INTO location_type_upper VALUES ('Bagwai', true, 'Bagwai', 'Kano');
	INSERT INTO location_type_upper VALUES ('Bebeji', true, 'Bebeji', 'Kano');
	INSERT INTO location_type_upper VALUES ('Bichi', true, 'Bichi', 'Kano');
	INSERT INTO location_type_upper VALUES ('Bunkure', true, 'Bunkure', 'Kano');
	INSERT INTO location_type_upper VALUES ('Dala', true, 'Dala', 'Kano');
	INSERT INTO location_type_upper VALUES ('Dambatta', true, 'Dambatta', 'Kano');
	INSERT INTO location_type_upper VALUES ('Dawakin Kudu', true, 'Dawakin Kudu', 'Kano');
	INSERT INTO location_type_upper VALUES ('Dawakin Tofa', true, 'Dawakin Tofa', 'Kano');
	INSERT INTO location_type_upper VALUES ('Doguwa', true, 'Doguwa', 'Kano');
	INSERT INTO location_type_upper VALUES ('Fagge', true, 'Fagge', 'Kano');
	INSERT INTO location_type_upper VALUES ('Gabasawa', true, 'Gabasawa', 'Kano');
	INSERT INTO location_type_upper VALUES ('Garko', true, 'Garko', 'Kano');
	INSERT INTO location_type_upper VALUES ('Garum', true, 'Garum', 'Kano');
	INSERT INTO location_type_upper VALUES ('Mallam', true, 'Mallam', 'Kano');
	INSERT INTO location_type_upper VALUES ('Gaya', true, 'Gaya', 'Kano');
	INSERT INTO location_type_upper VALUES ('Gezawa', true, 'Gezawa', 'Kano');
	INSERT INTO location_type_upper VALUES ('Gwale', true, 'Gwale', 'Kano');
	INSERT INTO location_type_upper VALUES ('Gwarzo', true, 'Gwarzo', 'Kano');
	INSERT INTO location_type_upper VALUES ('Kabo', true, 'Kabo', 'Kano');
	INSERT INTO location_type_upper VALUES ('Kano Municipal', true, 'Kano Municipal', 'Kano');
	INSERT INTO location_type_upper VALUES ('Karaye', true, 'Karaye', 'Kano');
	INSERT INTO location_type_upper VALUES ('Kibiya', true, 'Kibiya', 'Kano');
	INSERT INTO location_type_upper VALUES ('Kiru', true, 'Kiru', 'Kano');
	INSERT INTO location_type_upper VALUES ('kumbotso', true, 'kumbotso', 'Kano');
	INSERT INTO location_type_upper VALUES ('Kunchi', true, 'Kunchi', 'Kano');
	INSERT INTO location_type_upper VALUES ('Kura', true, 'Kura', 'Kano');
	INSERT INTO location_type_upper VALUES ('Madobi', true, 'Madobi', 'Kano');
	INSERT INTO location_type_upper VALUES ('Makoda', true, 'Makoda', 'Kano');
	INSERT INTO location_type_upper VALUES ('Minjibir', true, 'Minjibir', 'Kano');
	INSERT INTO location_type_upper VALUES ('Nasarawa1', true, 'Nasarawa', 'Kano');
	INSERT INTO location_type_upper VALUES ('Rano', true, 'Rano', 'Kano');
	INSERT INTO location_type_upper VALUES ('Rimin Gado', true, 'Rimin Gado', 'Kano');
	INSERT INTO location_type_upper VALUES ('Rogo', true, 'Rogo', 'Kano');
	INSERT INTO location_type_upper VALUES ('Shanono', true, 'Shanono', 'Kano');
	INSERT INTO location_type_upper VALUES ('Sumaila', true, 'Sumaila', 'Kano');
	INSERT INTO location_type_upper VALUES ('Takali', true, 'Takali', 'Kano');
	INSERT INTO location_type_upper VALUES ('Tarauni', true, 'Tarauni', 'Kano');
	INSERT INTO location_type_upper VALUES ('Tofa', true, 'Tofa', 'Kano');
	INSERT INTO location_type_upper VALUES ('Tsanyawa', true, 'Tsanyawa', 'Kano');
	INSERT INTO location_type_upper VALUES ('Tudun Wada', true, 'Tudun Wada', 'Kano');
	INSERT INTO location_type_upper VALUES ('Ungogo', true, 'Ungogo', 'Kano');
	INSERT INTO location_type_upper VALUES ('Warawa', true, 'Warawa', 'Kano');
	INSERT INTO location_type_upper VALUES ('Wudil', true, 'Wudil', 'Kano');
	INSERT INTO location_type_upper VALUES ('Bakori', true, 'Bakori', 'Katsina');
	INSERT INTO location_type_upper VALUES ('Batagarawa', true, 'Batagarawa', 'Katsina');
	INSERT INTO location_type_upper VALUES ('Batsari', true, 'Batsari', 'Katsina');
	INSERT INTO location_type_upper VALUES ('Baure', true, 'Baure', 'Katsina');
	INSERT INTO location_type_upper VALUES ('Bindawa', true, 'Bindawa', 'Katsina');
	INSERT INTO location_type_upper VALUES ('Charanchi', true, 'Charanchi', 'Katsina');
	INSERT INTO location_type_upper VALUES ('Dandume', true, 'Dandume', 'Katsina');
	INSERT INTO location_type_upper VALUES ('Danja', true, 'Danja', 'Katsina');
	INSERT INTO location_type_upper VALUES ('Dan Musa', true, 'Dan Musa', 'Katsina');
	INSERT INTO location_type_upper VALUES ('Daura', true, 'Daura', 'Katsina');
	INSERT INTO location_type_upper VALUES ('Dutsi', true, 'Dutsi', 'Katsina');
	INSERT INTO location_type_upper VALUES ('Dutsin-Ma', true, 'Dutsin-Ma', 'Katsina');
	INSERT INTO location_type_upper VALUES ('Faskari', true, 'Faskari', 'Katsina');
	INSERT INTO location_type_upper VALUES ('Funtua', true, 'Funtua', 'Katsina');
	INSERT INTO location_type_upper VALUES ('Ingawa', true, 'Ingawa', 'Katsina');
	INSERT INTO location_type_upper VALUES ('Jibia', true, 'Jibia', 'Katsina');
	INSERT INTO location_type_upper VALUES ('Kafur', true, 'Kafur', 'Katsina');
	INSERT INTO location_type_upper VALUES ('Kaita', true, 'Kaita', 'Katsina');
	INSERT INTO location_type_upper VALUES ('Kankara', true, 'Kankara', 'Katsina');
	INSERT INTO location_type_upper VALUES ('Kankia', true, 'Kankia', 'Katsina');
	INSERT INTO location_type_upper VALUES ('Katsina', true, 'Katsina', 'Katsina');
	INSERT INTO location_type_upper VALUES ('Kurfi', true, 'Kurfi', 'Katsina');
	INSERT INTO location_type_upper VALUES ('Kusada', true, 'Kusada', 'Katsina');
	INSERT INTO location_type_upper VALUES ('Mai''Adua', true, 'Mai''Adua', 'Katsina');
	INSERT INTO location_type_upper VALUES ('Malumfashi', true, 'Malumfashi', 'Katsina');
	INSERT INTO location_type_upper VALUES ('Mani', true, 'Mani', 'Katsina');
	INSERT INTO location_type_upper VALUES ('Mashi', true, 'Mashi', 'Katsina');
	INSERT INTO location_type_upper VALUES ('Matazuu', true, 'Matazuu', 'Katsina');
	INSERT INTO location_type_upper VALUES ('Musawa', true, 'Musawa', 'Katsina');
	INSERT INTO location_type_upper VALUES ('Rimi', true, 'Rimi', 'Katsina');
	INSERT INTO location_type_upper VALUES ('Sabuwa', true, 'Sabuwa', 'Katsina');
	INSERT INTO location_type_upper VALUES ('Safana', true, 'Safana', 'Katsina');
	INSERT INTO location_type_upper VALUES ('Sandamu', true, 'Sandamu', 'Katsina');
	INSERT INTO location_type_upper VALUES ('Zango', true, 'Zango', 'Katsina');
	INSERT INTO location_type_upper VALUES ('Aleiro', true, 'Aleiro', 'Kebbi');
	INSERT INTO location_type_upper VALUES ('Arewa-Dandi', true, 'Arewa-Dandi', 'Kebbi');
	INSERT INTO location_type_upper VALUES ('Argungu', true, 'Argungu', 'Kebbi');
	INSERT INTO location_type_upper VALUES ('Augie', true, 'Augie', 'Kebbi');
	INSERT INTO location_type_upper VALUES ('Bagudo', true, 'Bagudo', 'Kebbi');
	INSERT INTO location_type_upper VALUES ('Birnin Kebbi', true, 'Birnin Kebbi', 'Kebbi');
	INSERT INTO location_type_upper VALUES ('Bunza', true, 'Bunza', 'Kebbi');
	INSERT INTO location_type_upper VALUES ('Dandi', true, 'Dandi', 'Kebbi');
	INSERT INTO location_type_upper VALUES ('Fakai', true, 'Fakai', 'Kebbi');
	INSERT INTO location_type_upper VALUES ('Gwandu', true, 'Gwandu', 'Kebbi');
	INSERT INTO location_type_upper VALUES ('Jega', true, 'Jega', 'Kebbi');
	INSERT INTO location_type_upper VALUES ('Kalgo', true, 'Kalgo', 'Kebbi');
	INSERT INTO location_type_upper VALUES ('Koko/Besse', true, 'Koko/Besse', 'Kebbi');
	INSERT INTO location_type_upper VALUES ('Maiyama', true, 'Maiyama', 'Kebbi');
	INSERT INTO location_type_upper VALUES ('Ngaski', true, 'Ngaski', 'Kebbi');
	INSERT INTO location_type_upper VALUES ('Sakaba', true, 'Sakaba', 'Kebbi');
	INSERT INTO location_type_upper VALUES ('Shanga', true, 'Shanga', 'Kebbi');
	INSERT INTO location_type_upper VALUES ('Suru', true, 'Suru', 'Kebbi');
	INSERT INTO location_type_upper VALUES ('Wasagu/Danko', true, 'Wasagu/Danko', 'Kebbi');
	INSERT INTO location_type_upper VALUES ('Yauri', true, 'Yauri', 'Kebbi');
	INSERT INTO location_type_upper VALUES ('Zuru', true, 'Zuru', 'Kebbi');
	INSERT INTO location_type_upper VALUES ('Adavi', true, 'Adavi', 'Kogi');
	INSERT INTO location_type_upper VALUES ('Ajaokuta', true, 'Ajaokuta', 'Kogi');
	INSERT INTO location_type_upper VALUES ('Ankpa', true, 'Ankpa', 'Kogi');
	INSERT INTO location_type_upper VALUES ('Bassa2', true, 'Bassa', 'Kogi');
	INSERT INTO location_type_upper VALUES ('Dekina', true, 'Dekina', 'Kogi');
	INSERT INTO location_type_upper VALUES ('Ibaji', true, 'Ibaji', 'Kogi');
	INSERT INTO location_type_upper VALUES ('Idah', true, 'Idah', 'Kogi');
	INSERT INTO location_type_upper VALUES ('Igalamela-Odolu', true, 'Igalamela-Odolu', 'Kogi');
	INSERT INTO location_type_upper VALUES ('Ijumu', true, 'Ijumu', 'Kogi');
	INSERT INTO location_type_upper VALUES ('Kabba/Bunu', true, 'Kabba/Bunu', 'Kogi');
	INSERT INTO location_type_upper VALUES ('Kogi', true, 'Kogi', 'Kogi');
	INSERT INTO location_type_upper VALUES ('Lokoja', true, 'Lokoja', 'Kogi');
	INSERT INTO location_type_upper VALUES ('Mopa-Muro', true, 'Mopa-Muro', 'Kogi');
	INSERT INTO location_type_upper VALUES ('Ofu', true, 'Ofu', 'Kogi');
	INSERT INTO location_type_upper VALUES ('Ogori/Mangongo', true, 'Ogori/Mangongo', 'Kogi');
	INSERT INTO location_type_upper VALUES ('Okehi', true, 'Okehi', 'Kogi');
	INSERT INTO location_type_upper VALUES ('Okene', true, 'Okene', 'Kogi');
	INSERT INTO location_type_upper VALUES ('Olamabolo', true, 'Olamabolo', 'Kogi');
	INSERT INTO location_type_upper VALUES ('Omala', true, 'Omala', 'Kogi');
	INSERT INTO location_type_upper VALUES ('Yagba East', true, 'Yagba East', 'Kogi');
	INSERT INTO location_type_upper VALUES ('Yagba West', true, 'Yagba West', 'Kogi');
	INSERT INTO location_type_upper VALUES ('Asa', true, 'Asa', 'Kwara');
	INSERT INTO location_type_upper VALUES ('Baruten', true, 'Baruten', 'Kwara');
	INSERT INTO location_type_upper VALUES ('Edu', true, 'Edu', 'Kwara');
	INSERT INTO location_type_upper VALUES ('Ekiti', true, 'Ekiti', 'Kwara');
	INSERT INTO location_type_upper VALUES ('Ifelodun2', true, 'Ifelodun', 'Kwara');
	INSERT INTO location_type_upper VALUES ('Ilorin East', true, 'Ilorin East', 'Kwara');
	INSERT INTO location_type_upper VALUES ('Ilorin West', true, 'Ilorin West', 'Kwara');
	INSERT INTO location_type_upper VALUES ('Irepodun1', true, 'Irepodun', 'Kwara');
	INSERT INTO location_type_upper VALUES ('Isin', true, 'Isin', 'Kwara');
	INSERT INTO location_type_upper VALUES ('Kaiama', true, 'Kaiama', 'Kwara');
	INSERT INTO location_type_upper VALUES ('Moro', true, 'Moro', 'Kwara');
	INSERT INTO location_type_upper VALUES ('Offa', true, 'Offa', 'Kwara');
	INSERT INTO location_type_upper VALUES ('Oke-Ero', true, 'Oke-Ero', 'Kwara');
	INSERT INTO location_type_upper VALUES ('Oyun', true, 'Oyun', 'Kwara');
	INSERT INTO location_type_upper VALUES ('Pategi', true, 'Pategi', 'Kwara');
	INSERT INTO location_type_upper VALUES ('Agege', true, 'Agege', 'Lagos');
	INSERT INTO location_type_upper VALUES ('Ajeromi-Ifelodun', true, 'Ajeromi-Ifelodun', 'Lagos');
	INSERT INTO location_type_upper VALUES ('Alimosho', true, 'Alimosho', 'Lagos');
	INSERT INTO location_type_upper VALUES ('Amuwo-Odofin', true, 'Amuwo-Odofin', 'Lagos');
	INSERT INTO location_type_upper VALUES ('Apapa', true, 'Apapa', 'Lagos');
	INSERT INTO location_type_upper VALUES ('Badagry', true, 'Badagry', 'Lagos');
	INSERT INTO location_type_upper VALUES ('Epe', true, 'Epe', 'Lagos');
	INSERT INTO location_type_upper VALUES ('Eti-Osa', true, 'Eti-Osa', 'Lagos');
	INSERT INTO location_type_upper VALUES ('Ibeju/Lekki', true, 'Ibeju/Lekki', 'Lagos');
	INSERT INTO location_type_upper VALUES ('Ifako-Ijaye', true, 'Ifako-Ijaye', 'Lagos');
	INSERT INTO location_type_upper VALUES ('Ikeja', true, 'Ikeja', 'Lagos');
	INSERT INTO location_type_upper VALUES ('Ikorodu', true, 'Ikorodu', 'Lagos');
	INSERT INTO location_type_upper VALUES ('Kosofe', true, 'Kosofe', 'Lagos');
	INSERT INTO location_type_upper VALUES ('Lagos Island', true, 'Lagos Island', 'Lagos');
	INSERT INTO location_type_upper VALUES ('Lagos Mainland', true, 'Lagos Mainland', 'Lagos');
	INSERT INTO location_type_upper VALUES ('Mushin', true, 'Mushin', 'Lagos');
	INSERT INTO location_type_upper VALUES ('Ojo', true, 'Ojo', 'Lagos');
	INSERT INTO location_type_upper VALUES ('Oshodi-Isolo', true, 'Oshodi-Isolo', 'Lagos');
	INSERT INTO location_type_upper VALUES ('Shomolu', true, 'Shomolu', 'Lagos');
	INSERT INTO location_type_upper VALUES ('Surulere2', true, 'Surulere', 'Lagos');
	INSERT INTO location_type_upper VALUES ('Akwanga', true, 'Akwanga', 'Nasarawa');
	INSERT INTO location_type_upper VALUES ('Awe', true, 'Awe', 'Nasarawa');
	INSERT INTO location_type_upper VALUES ('Doma', true, 'Doma', 'Nasarawa');
	INSERT INTO location_type_upper VALUES ('Karu', true, 'Karu', 'Nasarawa');
	INSERT INTO location_type_upper VALUES ('Keana', true, 'Keana', 'Nasarawa');
	INSERT INTO location_type_upper VALUES ('Keffi', true, 'Keffi', 'Nasarawa');
	INSERT INTO location_type_upper VALUES ('Kokona', true, 'Kokona', 'Nasarawa');
	INSERT INTO location_type_upper VALUES ('Lafia', true, 'Lafia', 'Nasarawa');
	INSERT INTO location_type_upper VALUES ('Nasarawa2', true, 'Nasarawa', 'Nasarawa');
	INSERT INTO location_type_upper VALUES ('Nasarawa-Eggon', true, 'Nasarawa-Eggon', 'Nasarawa');
	INSERT INTO location_type_upper VALUES ('Obi1', true, 'Obi', 'Nasarawa');
	INSERT INTO location_type_upper VALUES ('Toto', true, 'Toto', 'Nasarawa');
	INSERT INTO location_type_upper VALUES ('Wamba', true, 'Wamba', 'Nasarawa');
	INSERT INTO location_type_upper VALUES ('Agaie', true, 'Agaie', 'Niger');
	INSERT INTO location_type_upper VALUES ('Agwara', true, 'Agwara', 'Niger');
	INSERT INTO location_type_upper VALUES ('Bida', true, 'Bida', 'Niger');
	INSERT INTO location_type_upper VALUES ('Borgu', true, 'Borgu', 'Niger');
	INSERT INTO location_type_upper VALUES ('Bosso', true, 'Bosso', 'Niger');
	INSERT INTO location_type_upper VALUES ('Chanchaga', true, 'Chanchaga', 'Niger');
	INSERT INTO location_type_upper VALUES ('Edati', true, 'Edati', 'Niger');
	INSERT INTO location_type_upper VALUES ('Gbako', true, 'Gbako', 'Niger');
	INSERT INTO location_type_upper VALUES ('Gurara', true, 'Gurara', 'Niger');
	INSERT INTO location_type_upper VALUES ('Katcha', true, 'Katcha', 'Niger');
	INSERT INTO location_type_upper VALUES ('Kontagora', true, 'Kontagora', 'Niger');
	INSERT INTO location_type_upper VALUES ('Lapai', true, 'Lapai', 'Niger');
	INSERT INTO location_type_upper VALUES ('Lavun', true, 'Lavun', 'Niger');
	INSERT INTO location_type_upper VALUES ('Magama', true, 'Magama', 'Niger');
	INSERT INTO location_type_upper VALUES ('Mariga', true, 'Mariga', 'Niger');
	INSERT INTO location_type_upper VALUES ('Mashegu', true, 'Mashegu', 'Niger');
	INSERT INTO location_type_upper VALUES ('Mokwa', true, 'Mokwa', 'Niger');
	INSERT INTO location_type_upper VALUES ('Muya', true, 'Muya', 'Niger');
	INSERT INTO location_type_upper VALUES ('Pailoro', true, 'Pailoro', 'Niger');
	INSERT INTO location_type_upper VALUES ('Rafi', true, 'Rafi', 'Niger');
	INSERT INTO location_type_upper VALUES ('Rijau', true, 'Rijau', 'Niger');
	INSERT INTO location_type_upper VALUES ('Shiroro', true, 'Shiroro', 'Niger');
	INSERT INTO location_type_upper VALUES ('Suleja', true, 'Suleja', 'Niger');
	INSERT INTO location_type_upper VALUES ('Tafa', true, 'Tafa', 'Niger');
	INSERT INTO location_type_upper VALUES ('Wushishi', true, 'Wushishi', 'Niger');
	INSERT INTO location_type_upper VALUES ('Abeokuta North', true, 'Abeokuta North', 'Ogun');
	INSERT INTO location_type_upper VALUES ('Abeokuta South', true, 'Abeokuta South', 'Ogun');
	INSERT INTO location_type_upper VALUES ('Ado-Odo/Ota', true, 'Ado-Odo/Ota', 'Ogun');
	INSERT INTO location_type_upper VALUES ('Egbado North', true, 'Egbado North', 'Ogun');
	INSERT INTO location_type_upper VALUES ('Egbado South', true, 'Egbado South', 'Ogun');
	INSERT INTO location_type_upper VALUES ('Ewekoro', true, 'Ewekoro', 'Ogun');
	INSERT INTO location_type_upper VALUES ('Ifo', true, 'Ifo', 'Ogun');
	INSERT INTO location_type_upper VALUES ('Ijebu East', true, 'Ijebu East', 'Ogun');
	INSERT INTO location_type_upper VALUES ('Ijebu North', true, 'Ijebu North', 'Ogun');
	INSERT INTO location_type_upper VALUES ('Ijebu North East', true, 'Ijebu North East', 'Ogun');
	INSERT INTO location_type_upper VALUES ('Ijebu Ode', true, 'Ijebu Ode', 'Ogun');
	INSERT INTO location_type_upper VALUES ('Ikenne', true, 'Ikenne', 'Ogun');
	INSERT INTO location_type_upper VALUES ('Imeko-Afon', true, 'Imeko-Afon', 'Ogun');
	INSERT INTO location_type_upper VALUES ('Ipokia', true, 'Ipokia', 'Ogun');
	INSERT INTO location_type_upper VALUES ('Obafemi-Owode', true, 'Obafemi-Owode', 'Ogun');
	INSERT INTO location_type_upper VALUES ('Ogun Waterside', true, 'Ogun Waterside', 'Ogun');
	INSERT INTO location_type_upper VALUES ('Odeda', true, 'Odeda', 'Ogun');
	INSERT INTO location_type_upper VALUES ('Odogbolu', true, 'Odogbolu', 'Ogun');
	INSERT INTO location_type_upper VALUES ('Remo North', true, 'Remo North', 'Ogun');
	INSERT INTO location_type_upper VALUES ('Shagamu', true, 'Shagamu', 'Ogun');
	INSERT INTO location_type_upper VALUES ('Akoko North East', true, 'Akoko North East', 'Ondo');
	INSERT INTO location_type_upper VALUES ('Akoko North West', true, 'Akoko North West', 'Ondo');
	INSERT INTO location_type_upper VALUES ('Akoko South AkureE', true, 'Akoko South Akure East', 'Ondo');
	INSERT INTO location_type_upper VALUES ('Akoko South West', true, 'Akoko South West', 'Ondo');
	INSERT INTO location_type_upper VALUES ('Akure North', true, 'Akure North', 'Ondo');
	INSERT INTO location_type_upper VALUES ('Akure South', true, 'Akure South', 'Ondo');
	INSERT INTO location_type_upper VALUES ('Ese-Odo', true, 'Ese-Odo', 'Ondo');
	INSERT INTO location_type_upper VALUES ('Idanre', true, 'Idanre', 'Ondo');
	INSERT INTO location_type_upper VALUES ('Ifedore', true, 'Ifedore', 'Ondo');
	INSERT INTO location_type_upper VALUES ('Ilaje', true, 'Ilaje', 'Ondo');
	INSERT INTO location_type_upper VALUES ('Ile-Oluji', true, 'Ile-Oluji', 'Ondo');
	INSERT INTO location_type_upper VALUES ('Okeigbo', true, 'Okeigbo', 'Ondo');
	INSERT INTO location_type_upper VALUES ('Irele', true, 'Irele', 'Ondo');
	INSERT INTO location_type_upper VALUES ('Odigbo', true, 'Odigbo', 'Ondo');
	INSERT INTO location_type_upper VALUES ('Okitipupa', true, 'Okitipupa', 'Ondo');
	INSERT INTO location_type_upper VALUES ('Ondo East', true, 'Ondo East', 'Ondo');
	INSERT INTO location_type_upper VALUES ('Ondo West', true, 'Ondo West', 'Ondo');
	INSERT INTO location_type_upper VALUES ('Ose', true, 'Ose', 'Ondo');
	INSERT INTO location_type_upper VALUES ('Owo', true, 'Owo', 'Ondo');
	INSERT INTO location_type_upper VALUES ('Aiyedade', true, 'Aiyedade', 'Osun');
	INSERT INTO location_type_upper VALUES ('Aiyedire', true, 'Aiyedire', 'Osun');
	INSERT INTO location_type_upper VALUES ('Atakumosa East', true, 'Atakumosa East', 'Osun');
	INSERT INTO location_type_upper VALUES ('Atakumosa West', true, 'Atakumosa West', 'Osun');
	INSERT INTO location_type_upper VALUES ('Boluwaduro', true, 'Boluwaduro', 'Osun');
	INSERT INTO location_type_upper VALUES ('Boripe', true, 'Boripe', 'Osun');
	INSERT INTO location_type_upper VALUES ('Ede North', true, 'Ede North', 'Osun');
	INSERT INTO location_type_upper VALUES ('Ede South', true, 'Ede South', 'Osun');
	INSERT INTO location_type_upper VALUES ('Egbedore', true, 'Egbedore', 'Osun');
	INSERT INTO location_type_upper VALUES ('Ejigbo', true, 'Ejigbo', 'Osun');
	INSERT INTO location_type_upper VALUES ('Ife Central', true, 'Ife Central', 'Osun');
	INSERT INTO location_type_upper VALUES ('Ife East', true, 'Ife East', 'Osun');
	INSERT INTO location_type_upper VALUES ('Ife North', true, 'Ife North', 'Osun');
	INSERT INTO location_type_upper VALUES ('Ife South', true, 'Ife South', 'Osun');
	INSERT INTO location_type_upper VALUES ('Ifedayo', true, 'Ifedayo', 'Osun');
	INSERT INTO location_type_upper VALUES ('Ifelodun1', true, 'Ifelodun', 'Osun');
	INSERT INTO location_type_upper VALUES ('Ila', true, 'Ila', 'Osun');
	INSERT INTO location_type_upper VALUES ('Ilesha East', true, 'Ilesha East', 'Osun');
	INSERT INTO location_type_upper VALUES ('Ilesha West', true, 'Ilesha West', 'Osun');
	INSERT INTO location_type_upper VALUES ('Irepodun3', true, 'Irepodun', 'Osun');
	INSERT INTO location_type_upper VALUES ('Irewole', true, 'Irewole', 'Osun');
	INSERT INTO location_type_upper VALUES ('Isokan', true, 'Isokan', 'Osun');
	INSERT INTO location_type_upper VALUES ('Iwo', true, 'Iwo', 'Osun');
	INSERT INTO location_type_upper VALUES ('Obokun', true, 'Obokun', 'Osun');
	INSERT INTO location_type_upper VALUES ('Odo-Otin', true, 'Odo-Otin', 'Osun');
	INSERT INTO location_type_upper VALUES ('Ola-Oluwa', true, 'Ola-Oluwa', 'Osun');
	INSERT INTO location_type_upper VALUES ('Olorunda', true, 'Olorunda', 'Osun');
	INSERT INTO location_type_upper VALUES ('Oriade', true, 'Oriade', 'Osun');
	INSERT INTO location_type_upper VALUES ('Orolu', true, 'Orolu', 'Osun');
	INSERT INTO location_type_upper VALUES ('Osogbo', true, 'Osogbo', 'Osun');
	INSERT INTO location_type_upper VALUES ('Afijio', true, 'Afijio', 'Oyo');
	INSERT INTO location_type_upper VALUES ('Akinyele', true, 'Akinyele', 'Oyo');
	INSERT INTO location_type_upper VALUES ('Atiba', true, 'Atiba', 'Oyo');
	INSERT INTO location_type_upper VALUES ('Atigbo', true, 'Atigbo', 'Oyo');
	INSERT INTO location_type_upper VALUES ('Egbeda', true, 'Egbeda', 'Oyo');
	INSERT INTO location_type_upper VALUES ('IbadanCentral', true, 'IbadanCentral', 'Oyo');
	INSERT INTO location_type_upper VALUES ('Ibadan North', true, 'Ibadan North', 'Oyo');
	INSERT INTO location_type_upper VALUES ('Ibadan North West', true, 'Ibadan North West', 'Oyo');
	INSERT INTO location_type_upper VALUES ('Ibadan South East', true, 'Ibadan South East', 'Oyo');
	INSERT INTO location_type_upper VALUES ('Ibadan South West', true, 'Ibadan South West', 'Oyo');
	INSERT INTO location_type_upper VALUES ('Ibarapa Central', true, 'Ibarapa Central', 'Oyo');
	INSERT INTO location_type_upper VALUES ('Ibarapa East', true, 'Ibarapa East', 'Oyo');
	INSERT INTO location_type_upper VALUES ('Ibarapa North', true, 'Ibarapa North', 'Oyo');
	INSERT INTO location_type_upper VALUES ('Ido', true, 'Ido', 'Oyo');
	INSERT INTO location_type_upper VALUES ('Irepo', true, 'Irepo', 'Oyo');
	INSERT INTO location_type_upper VALUES ('Iseyin', true, 'Iseyin', 'Oyo');
	INSERT INTO location_type_upper VALUES ('Itesiwaju', true, 'Itesiwaju', 'Oyo');
	INSERT INTO location_type_upper VALUES ('Iwajowa', true, 'Iwajowa', 'Oyo');
	INSERT INTO location_type_upper VALUES ('Kajola', true, 'Kajola', 'Oyo');
	INSERT INTO location_type_upper VALUES ('Lagelu Ogbomosho N', true, 'Lagelu Ogbomosho North', 'Oyo');
	INSERT INTO location_type_upper VALUES ('Ogbmosho South', true, 'Ogbmosho South', 'Oyo');
	INSERT INTO location_type_upper VALUES ('Ogo Oluwa', true, 'Ogo Oluwa', 'Oyo');
	INSERT INTO location_type_upper VALUES ('Olorunsogo', true, 'Olorunsogo', 'Oyo');
	INSERT INTO location_type_upper VALUES ('Oluyole', true, 'Oluyole', 'Oyo');
	INSERT INTO location_type_upper VALUES ('Ona-Ara', true, 'Ona-Ara', 'Oyo');
	INSERT INTO location_type_upper VALUES ('Orelope', true, 'Orelope', 'Oyo');
	INSERT INTO location_type_upper VALUES ('Ori Ire', true, 'Ori Ire', 'Oyo');
	INSERT INTO location_type_upper VALUES ('Oyo East', true, 'Oyo East', 'Oyo');
	INSERT INTO location_type_upper VALUES ('Oyo West', true, 'Oyo West', 'Oyo');
	INSERT INTO location_type_upper VALUES ('Saki East', true, 'Saki East', 'Oyo');
	INSERT INTO location_type_upper VALUES ('Saki West', true, 'Saki West', 'Oyo');
	INSERT INTO location_type_upper VALUES ('Surulere1', true, 'Surulere', 'Oyo');
	INSERT INTO location_type_upper VALUES ('Barikin Ladi', true, 'Barikin Ladi', 'Plateau');
	INSERT INTO location_type_upper VALUES ('Bassa1', true, 'Bassa', 'Plateau');
	INSERT INTO location_type_upper VALUES ('Bokkos', true, 'Bokkos', 'Plateau');
	INSERT INTO location_type_upper VALUES ('Jos East', true, 'Jos East', 'Plateau');
	INSERT INTO location_type_upper VALUES ('Jos North', true, 'Jos North', 'Plateau');
	INSERT INTO location_type_upper VALUES ('Jos South', true, 'Jos South', 'Plateau');
	INSERT INTO location_type_upper VALUES ('Kanam', true, 'Kanam', 'Plateau');
	INSERT INTO location_type_upper VALUES ('Kanke', true, 'Kanke', 'Plateau');
	INSERT INTO location_type_upper VALUES ('Langtang North', true, 'Langtang North', 'Plateau');
	INSERT INTO location_type_upper VALUES ('Langtang South', true, 'Langtang South', 'Plateau');
	INSERT INTO location_type_upper VALUES ('Mangu', true, 'Mangu', 'Plateau');
	INSERT INTO location_type_upper VALUES ('Mikang', true, 'Mikang', 'Plateau');
	INSERT INTO location_type_upper VALUES ('Pankshin', true, 'Pankshin', 'Plateau');
	INSERT INTO location_type_upper VALUES ('Qua''an Pan', true, 'Qua''an Pan', 'Plateau');
	INSERT INTO location_type_upper VALUES ('Riyom', true, 'Riyom', 'Plateau');
	INSERT INTO location_type_upper VALUES ('Shendam', true, 'Shendam', 'Plateau');
	INSERT INTO location_type_upper VALUES ('Wase', true, 'Wase', 'Plateau');
	INSERT INTO location_type_upper VALUES ('Abua/Odual', true, 'Abua/Odual', 'Rivers');
	INSERT INTO location_type_upper VALUES ('Ahoada East', true, 'Ahoada East', 'Rivers');
	INSERT INTO location_type_upper VALUES ('Ahoada West', true, 'Ahoada West', 'Rivers');
	INSERT INTO location_type_upper VALUES ('Akuku Toru', true, 'Akuku Toru', 'Rivers');
	INSERT INTO location_type_upper VALUES ('Andoni', true, 'Andoni', 'Rivers');
	INSERT INTO location_type_upper VALUES ('Asari-Toru', true, 'Asari-Toru', 'Rivers');
	INSERT INTO location_type_upper VALUES ('Bonny', true, 'Bonny', 'Rivers');
	INSERT INTO location_type_upper VALUES ('Degema', true, 'Degema', 'Rivers');
	INSERT INTO location_type_upper VALUES ('Emohua', true, 'Emohua', 'Rivers');
	INSERT INTO location_type_upper VALUES ('Eleme', true, 'Eleme', 'Rivers');
	INSERT INTO location_type_upper VALUES ('Etche', true, 'Etche', 'Rivers');
	INSERT INTO location_type_upper VALUES ('Gokana', true, 'Gokana', 'Rivers');
	INSERT INTO location_type_upper VALUES ('Ikwerre', true, 'Ikwerre', 'Rivers');
	INSERT INTO location_type_upper VALUES ('Khana', true, 'Khana', 'Rivers');
	INSERT INTO location_type_upper VALUES ('Obia/Akpor', true, 'Obia/Akpor', 'Rivers');
	INSERT INTO location_type_upper VALUES ('Ogba/Egbema/Ndoni', true, 'Ogba/Egbema/Ndoni', 'Rivers');
	INSERT INTO location_type_upper VALUES ('Ogu/Bolo', true, 'Ogu/Bolo', 'Rivers');
	INSERT INTO location_type_upper VALUES ('Okrika', true, 'Okrika', 'Rivers');
	INSERT INTO location_type_upper VALUES ('Omumma', true, 'Omumma', 'Rivers');
	INSERT INTO location_type_upper VALUES ('Opobo/Nkoro', true, 'Opobo/Nkoro', 'Rivers');
	INSERT INTO location_type_upper VALUES ('Oyigbo', true, 'Oyigbo', 'Rivers');
	INSERT INTO location_type_upper VALUES ('Port-Harcourt', true, 'Port-Harcourt', 'Rivers');
	INSERT INTO location_type_upper VALUES ('Tai', true, 'Tai', 'Rivers');
	INSERT INTO location_type_upper VALUES ('Binji', true, 'Binji', 'Sokoto');
	INSERT INTO location_type_upper VALUES ('Bodinga', true, 'Bodinga', 'Sokoto');
	INSERT INTO location_type_upper VALUES ('Dange-shnsi', true, 'Dange-shnsi', 'Sokoto');
	INSERT INTO location_type_upper VALUES ('Gada', true, 'Gada', 'Sokoto');
	INSERT INTO location_type_upper VALUES ('Goronyo', true, 'Goronyo', 'Sokoto');
	INSERT INTO location_type_upper VALUES ('Gudu', true, 'Gudu', 'Sokoto');
	INSERT INTO location_type_upper VALUES ('Gawabawa', true, 'Gawabawa', 'Sokoto');
	INSERT INTO location_type_upper VALUES ('Illela', true, 'Illela', 'Sokoto');
	INSERT INTO location_type_upper VALUES ('Isa', true, 'Isa', 'Sokoto');
	INSERT INTO location_type_upper VALUES ('Kware', true, 'Kware', 'Sokoto');
	INSERT INTO location_type_upper VALUES ('kebbe', true, 'kebbe', 'Sokoto');
	INSERT INTO location_type_upper VALUES ('Rabah', true, 'Rabah', 'Sokoto');
	INSERT INTO location_type_upper VALUES ('Sabon birni', true, 'Sabon birni', 'Sokoto');
	INSERT INTO location_type_upper VALUES ('Shagari', true, 'Shagari', 'Sokoto');
	INSERT INTO location_type_upper VALUES ('Silame', true, 'Silame', 'Sokoto');
	INSERT INTO location_type_upper VALUES ('Sokoto North', true, 'Sokoto North', 'Sokoto');
	INSERT INTO location_type_upper VALUES ('Sokoto South', true, 'Sokoto South', 'Sokoto');
	INSERT INTO location_type_upper VALUES ('Tambuwal', true, 'Tambuwal', 'Sokoto');
	INSERT INTO location_type_upper VALUES ('Tqngaza', true, 'Tqngaza', 'Sokoto');
	INSERT INTO location_type_upper VALUES ('Tureta', true, 'Tureta', 'Sokoto');
	INSERT INTO location_type_upper VALUES ('Wamako', true, 'Wamako', 'Sokoto');
	INSERT INTO location_type_upper VALUES ('Wurno', true, 'Wurno', 'Sokoto');
	INSERT INTO location_type_upper VALUES ('Yabo', true, 'Yabo', 'Sokoto');
	INSERT INTO location_type_upper VALUES ('Ardo-kola', true, 'Ardo-kola', 'Taraba');
	INSERT INTO location_type_upper VALUES ('Bali', true, 'Bali', 'Taraba');
	INSERT INTO location_type_upper VALUES ('Donga', true, 'Donga', 'Taraba');
	INSERT INTO location_type_upper VALUES ('Gashaka', true, 'Gashaka', 'Taraba');
	INSERT INTO location_type_upper VALUES ('Cassol', true, 'Cassol', 'Taraba');
	INSERT INTO location_type_upper VALUES ('Ibi', true, 'Ibi', 'Taraba');
	INSERT INTO location_type_upper VALUES ('Jalingo', true, 'Jalingo', 'Taraba');
	INSERT INTO location_type_upper VALUES ('Karin-Lamido', true, 'Karin-Lamido', 'Taraba');
	INSERT INTO location_type_upper VALUES ('Kurmi', true, 'Kurmi', 'Taraba');
	INSERT INTO location_type_upper VALUES ('Lau', true, 'Lau', 'Taraba');
	INSERT INTO location_type_upper VALUES ('Sardauna', true, 'Sardauna', 'Taraba');
	INSERT INTO location_type_upper VALUES ('Takum', true, 'Takum', 'Taraba');
	INSERT INTO location_type_upper VALUES ('Ussa', true, 'Ussa', 'Taraba');
	INSERT INTO location_type_upper VALUES ('Wukari', true, 'Wukari', 'Taraba');
	INSERT INTO location_type_upper VALUES ('Yorro', true, 'Yorro', 'Taraba');
	INSERT INTO location_type_upper VALUES ('Zing', true, 'Zing', 'Taraba');
	INSERT INTO location_type_upper VALUES ('Bade', true, 'Bade', 'Yobe');
	INSERT INTO location_type_upper VALUES ('Bursari', true, 'Bursari', 'Yobe');
	INSERT INTO location_type_upper VALUES ('Damaturu', true, 'Damaturu', 'Yobe');
	INSERT INTO location_type_upper VALUES ('Fika', true, 'Fika', 'Yobe');
	INSERT INTO location_type_upper VALUES ('Fune', true, 'Fune', 'Yobe');
	INSERT INTO location_type_upper VALUES ('Geidam', true, 'Geidam', 'Yobe');
	INSERT INTO location_type_upper VALUES ('Gujba', true, 'Gujba', 'Yobe');
	INSERT INTO location_type_upper VALUES ('Gulani', true, 'Gulani', 'Yobe');
	INSERT INTO location_type_upper VALUES ('Jakusko', true, 'Jakusko', 'Yobe');
	INSERT INTO location_type_upper VALUES ('Karasuwa', true, 'Karasuwa', 'Yobe');
	INSERT INTO location_type_upper VALUES ('Machina', true, 'Machina', 'Yobe');
	INSERT INTO location_type_upper VALUES ('Nangere', true, 'Nangere', 'Yobe');
	INSERT INTO location_type_upper VALUES ('Tarmua', true, 'Tarmua', 'Yobe');
	INSERT INTO location_type_upper VALUES ('Yunusari', true, 'Yunusari', 'Yobe');
	INSERT INTO location_type_upper VALUES ('Yusufari', true, 'Yusufari', 'Yobe');
	INSERT INTO location_type_upper VALUES ('Anka', true, 'Anka', 'Zamfara');
	INSERT INTO location_type_upper VALUES ('Bakura', true, 'Bakura', 'Zamfara');
	INSERT INTO location_type_upper VALUES ('Birnin Magaji', true, 'Birnin Magaji', 'Zamfara');
	INSERT INTO location_type_upper VALUES ('Bukkuyum', true, 'Bukkuyum', 'Zamfara');
	INSERT INTO location_type_upper VALUES ('Bungudu', true, 'Bungudu', 'Zamfara');
	INSERT INTO location_type_upper VALUES ('Gummi', true, 'Gummi', 'Zamfara');
	INSERT INTO location_type_upper VALUES ('Gusau', true, 'Gusau', 'Zamfara');
	INSERT INTO location_type_upper VALUES ('Kaura2', true, 'Kaura', 'Zamfara');
	INSERT INTO location_type_upper VALUES ('Namoda', true, 'Namoda', 'Zamfara');
	INSERT INTO location_type_upper VALUES ('Maradun', true, 'Maradun', 'Zamfara');
	INSERT INTO location_type_upper VALUES ('Maru', true, 'Maru', 'Zamfara');
	INSERT INTO location_type_upper VALUES ('Shinkafi', true, 'Shinkafi', 'Zamfara');
	INSERT INTO location_type_upper VALUES ('Talata Mafara', true, 'Talata Mafara', 'Zamfara');
	INSERT INTO location_type_upper VALUES ('Tsafe', true, 'Tsafe', 'Zamfara');
	INSERT INTO location_type_upper VALUES ('Zurmi', true, 'Zurmi', 'Zamfara');
	INSERT INTO location_type_upper VALUES ('Etsako West', true, 'Etsako West', 'Edo');
	INSERT INTO location_type_upper VALUES ('Akoko-Edo', true, 'Akoko-Edo', 'Edo');
	INSERT INTO location_type_upper VALUES ('Ovia SouthWest', true, 'Ovia South-West', 'Edo');
	INSERT INTO location_type_upper VALUES ('Owan West', true, 'Owan West', 'Edo');
	INSERT INTO location_type_upper VALUES ('Gamawa', true, 'Gamawa', 'Bauchi');
	INSERT INTO location_type_upper VALUES ('Potiskum', true, 'Potiskum', 'Yobe');
	INSERT INTO location_type_upper VALUES ('Nguru', true, 'Nguru', 'Yobe');
	INSERT INTO location_type_upper VALUES ('Garum Mallam', true, 'Garum Mallam', 'Kano');

